{"rewards": [142.3915920967226, 139.80059572363228, 233.52625453922872, 213.5644287648554, 188.50655006950674], "frac_episode": [0.44, 0.4000000000000001, 0.37333333333333335, 0.26666666666666666, 0.4000000000000001], "success_rates": [true, true, true, true, true], "num_collisions": [1.0, 3.0, 0.0, 2.0, 3.0]}