{"rewards": [58.61078225754428, 6.357772370728006, 80.87446729187405, 36.407213925596146, 28.464519476951384, -19.329583084886398, 39.75593580015814, 40.108413930678, 6.147443358214364, 34.974316604645374], "frac_episode": [0.22666666666666668, 0.56, 0.37333333333333335, 0.4666666666666666, 0.45333333333333337, 0.7466666666666667, 0.4666666666666666, 0.52, 0.7066666666666667, 0.2933333333333334], "success_rates": [true, true, true, true, true, false, true, true, true, true], "num_collisions": [2.0, 3.0, 4.0, 2.0, 2.0, 6.0, 3.0, 2.0, 4.0, 0.0]}