{"rewards": [192.01565536696208, 203.12378433833564], "frac_episode": [0.42666666666666675, 0.37333333333333335], "success_rates": [true, true], "num_collisions": [2.0, 2.0]}